<?xml version="1.0" encoding="UTF-8"?>
<!DOCTYPE mapper
PUBLIC "-//mybatis.org/DTD Mapper 3.0//EN"
"http://mybatis.org/dtd/mybatis-3-mapper.dtd">
<mapper namespace="com.mapper.boardMapper">

	
	<select id="select" parameterType="String" 
	resultType="board">
		SELECT * FROM BOARD WHERE ID=#{id}
	</select>
	
	<select id="selectall" 
	resultType="board">
		SELECT * FROM BOARD ORDER BY 1
	</select>
	<insert id="insert" parameterType="board">
		INSERT INTO BOARD
		VALUES (SEQ_BOARD.nextval,#{author},#{imgname1 },#{imgname2 },#{imgname3 },#{title },#{viewCount},#{content },#{re_id})
	</insert>
	<update id="update" parameterType="board">
		UPDATE BOARD SET AUTHOR=#{author},IMGNAME1=#{imgname1 },IMGNAME2=#{imgname2 },IMGNAME3=#{imgname3 },
		 TITLE=#{title },VIEWCOUNT=#{viewCount},CONTENT=#{content },RE_ID=#{re_id} WHERE ID=#{id}
	</update>
	<delete id="delete" parameterType="String">
		DELETE FROM BOARD WHERE ID=#{id}
	</delete>
	
</mapper>






