<?xml version="1.0" encoding="UTF-8"?>
<!DOCTYPE mapper
PUBLIC "-//mybatis.org/DTD Mapper 3.0//EN"
"http://mybatis.org/dtd/mybatis-3-mapper.dtd">
<mapper namespace="com.mapper.categoryMapper">

	
	<select id="select" parameterType="String" 
	resultType="String">
		SELECT NAME FROM Category WHERE ID=#{id}
	</select>
	
	<select id="selectall" 
	resultType="String">
		SELECT NAME FROM Category ORDER BY 1
	</select>
	<insert id="insert" parameterType="String">
		INSERT INTO Category VALUES (SEQ_CATEGORY.nextval,#{param2})
	</insert>
	<update id="update" parameterType="String">
		UPDATE Category SET PWD=NAME=#{param2} WHERE ID=#{param1}
	</update>
	<delete id="delete" parameterType="String">
		DELETE FROM Category WHERE ID=#{id}
	</delete>
	
</mapper>






