<?xml version="1.0" encoding="UTF-8"?>
<!DOCTYPE mapper
PUBLIC "-//mybatis.org/DTD Mapper 3.0//EN"
"http://mybatis.org/dtd/mybatis-3-mapper.dtd">
<mapper namespace="com.mapper.ignoreMapper">

	
	<select id="select" parameterType="String" 
	resultType="String">
		SELECT food_id FROM IGNORE WHERE ID=#{id}
	</select>
	
	<select id="selectall" 
	resultType="String">
		SELECT * FROM IGNORE ORDER BY 1
	</select>
	<insert id="insert" parameterType="String">
		INSERT INTO IGNORE VALUES (#{param1},#{param2})
	</insert>
	<update id="update" parameterType="String">
		UPDATE IGNORE SET FOOD_ID =#{param2} WHERE ID=#{param1}
	</update>
	<delete id="delete" parameterType="String">
		DELETE FROM IGNORE WHERE ID=#{user_id}
	</delete>
	
</mapper>






