<?xml version="1.0" encoding="UTF-8"?>
<!DOCTYPE mapper
PUBLIC "-//mybatis.org/DTD Mapper 3.0//EN"
"http://mybatis.org/dtd/mybatis-3-mapper.dtd">
<mapper namespace="com.mapper.userMapper">

	
	<select id="select" parameterType="String" 
	resultType="User">
		SELECT * FROM W_USER WHERE ID=#{id}
	</select>
	
	<select id="selectall" 
	resultType="User">
		SELECT * FROM W_USER ORDER BY 1
	</select>
	<insert id="insert" parameterType="User">
		INSERT INTO W_USER VALUES (#{id},#{pwd},#{name},#{hint},#{hint_answer})
	</insert>
	<update id="update" parameterType="User">
		UPDATE W_USER SET PWD=#{pwd},NAME=#{name},HINT=#{hint},HINT_ANSWER=#{hint_answer} WHERE ID=#{id}
	</update>
	<delete id="delete" parameterType="String">
		DELETE FROM W_USER WHERE ID=#{id}
	</delete>
	
</mapper>






